statement,target,result
Building a wall on the U.S.-Mexico border will take literally years.,True,correct
Wisconsin is on pace to double the number of layoffs this year.,False,uncertain
Says John McCain has done nothing to help the vets.,False,uncertain
"When asked by a reporter whether hes at the center of a criminal scheme to violate campaign laws, Gov. Scott Walker nodded yes.",False,correct
Over the past five years the federal government has paid out $601 million in retirement and disability benefits to deceased former federal employees.,True,uncertain
Says that Tennessee law requires that schools receive half of proceeds -- $31 million per year -- from a half-cent increase in the Shelby County sales tax.,True,uncertain
Donald Trump is against marriage equality. He wants to go back.,True,uncertain
Denali is the Kenyan word for black power.,False,correct
"Says 57 percent of federal spending goes to the military and just 1 percent goes to food and agriculture, including food stamps.",False,correct
Says the unemployment rate for college graduates is 4.4 percent and over 10 percent for noncollege-educated.,True,correct
Unfortunately we have documented instances where people defecated in the (Statehouse) building.,False,incorrect
"Each year, 18,000 people die in America because they don't have health care.",True,uncertain
Ronald Reagan faced an even worse recession than the current one.,False,uncertain
The number of illegal immigrants could be 3 million. It could be 30 million.,False,uncertain
Says Charlie Crist is embroiled in a fraud case for steering taxpayer money to a de facto Ponzi scheme.,False,uncertain
"Now, there was a time when someone like Scalia and Ginsburg got 95-plus votes.",True,incorrect
"Contends that President Obama literally said (if) his cap-and-trade proposals were to pass, that utility rates, his words now, would, necessarily skyrocket.",True,uncertain
Its been since 1888 that a Senate of a different party than the president in the White House confirmed a Supreme Court nominee.,False,incorrect
"Under Rosemary Lehmberg, the Travis County D.A.s office convened the grand jury that indicted Rick Perry.",False,correct
The United States has a low voter turnout rate.,True,uncertain
"The Fed created $1.2 trillion out of nothing, gave it to banks, and some of them foreign banks, so that they could stabilize their operations.",True,uncertain
Texas families have kept more than $10 billion in their family budgets since we successfully fought to restore Texas sales tax deduction a decade ago.,True,uncertain
Says he won the second debate with Hillary Clinton in a landslide in every poll.,False,correct
"A proposed tax to fund transportation projects would spend $90,000 to take a single vehicle off the road during the morning and afternoon commute.",False,correct
When undocumented children are picked up at the border and told to appear later in court ... 90 percent do not then show up.,False,uncertain
ACORN will be a paid partner with the Census Bureau and they will be in charge of going door-to-door and collecting data from the American public.,False,correct
Sixty percent of the Hispanics support the Arizona immigration law,False,uncertain
Says Bill and Hillary Clinton attended Donald Trumps last wedding.,True,incorrect
I did not play any role in bringing the company to RI as did others in government. I was tasked with handling the legislation affecting the company by my superiors.,False,uncertain
The tax cut deal is giving $700 billion to millionaires and billionaires.,False,uncertain
"As secretary of the Department of Energy under former President Bill Clinton, ""I created reserves of home heating oil.""",True,incorrect
Twenty-five states have lower unemployment than Texas which is tied with Mississippi for more minimum-wage jobs than anywhere in the United States.,True,uncertain
A strong bipartisan majority in the House of Representatives voted to defund Obamacare.,False,correct
What the facts say is ...the best scenario for kids is a loving mom and dad.,False,uncertain
Says Mark Neumann = Nancy Pelosi,False,correct
Rebuilding three high schools will benefit 40 percent of Portland Public School students.,False,uncertain
Providence has the lowest crime rate in three decades.,True,uncertain
On banning earmarks.,False,uncertain
A judges order means theres a Constitution exemption zone if you live within 100 miles of the United States border.,False,correct
"Pepper ... kicked off a jock tax, imposing a levy on the sports and entertainment industry.",True,incorrect
"Under Mayor Tom Barrett, the number of Milwaukee police officers has not increased.",True,uncertain
"President Obama, Sen. Harry Reid and Rep. Nancy Pelosi passed a $1.2 trillion stimulus bill.",False,incorrect
Says Milken Institute rated San Antonio as nations top-performing local economy.,True,uncertain
Says people in Africa literally walk two and three hundred miles in order to vote.,False,uncertain
"Before World War II, very few people actually had health insurance.",True,correct
Half of children struck by cars near schools are hit by parents driving children to school.,False,uncertain
Putting three Republicans in my Cabinet...is unprecedented.,True,uncertain
"I am very proud, as governor of Florida, that we signed the first divestment act, as it relates to Iran, divesting any investments in companies that would invest in Iran.",True,incorrect
"As a result of climate change, ice fishermen in Wisconsin are already noticing fewer days they can be out on our ice covered lakes.",True,correct
"Says Donald Trump said of women, And you can tell them to go f--- themselves.",False,correct
"The Taliban has been there for years and years, I mean, hundreds of thousands of years.",False,correct
Iran President Hassan Rouhani has more Cabinet members with Ph.D.s from American universities than members of Barack Obamas Cabinet.,True,uncertain
"The words subhuman mongrel, which Ted Nugent called President Barack Obama, were used by the Nazis to justify the genocide of the Jewish community.",True,incorrect
"(Barack Obama) says hes going to reduce the long-term debt and deficit by $4 trillion, doesnt say how hes going to do it.",False,uncertain
Birth control pioneer Margaret Sanger wasan active participant in the Ku Klux Klan.,False,correct
Orrin Hatch co-sponsored a 1993 health care bill that had an individual mandate.,True,incorrect
U.S. Rep. Lloyd Doggett is the most liberal man in the United States Congress.,False,uncertain
"Says state Senate President Stephen Sweeney gave us the nations highest income tax rates, driving out jobs.",False,uncertain
President Obama has the lowest public approval ratings of any president in modern times.,False,correct
On an income cap for recipients of the popular HOPE scholarship,False,uncertain
Tom Suozzi raised taxes by hundreds of millions of dollars as Nassau County executive.,True,incorrect
"John Holdren, director of the White House Office of Science and Technology Policy, has proposed forcing abortions and putting sterilants in the drinking water to control population.",False,correct
Many of the founding fathers were very actively involved in cockfighting.,False,uncertain
Says state Sen. Sheila Harsdorf wants to eliminate Medicare as we know it.,False,uncertain
I can tell you that the enhanced interrogation techniques that have since been banned by this administration specifically waterboarding work.,False,correct
Virginia has made no progress on jobs since Bob McDonnell took office.,False,uncertain
The Iraq Study Group reported that (Saddam Hussein) had designs on reviving his nuclear program.,False,correct
Ronald Reagan raised the national debt 18 times.,True,incorrect
On whether global warming is man-made.,False,uncertain
The number of inmates since 2000 on death row dying of natural causes has now surpassed the number of inmates executed.,True,uncertain
Says Hillary Clinton has donated every cent shes ever earned from speaking fees to charity.,False,uncertain
Charlottes anti-discrimination ordinance would have opened all bathrooms to all sexes at all times if it hadnt been overturned.,False,uncertain
On pay for fired Milwaukee police officers,False,uncertain
Texas is the state that has now gone the longest without electing a Democrat statewide.,True,correct
Says CNN reported Ben Carson was taking a break from campaigning and the Cruz campaign forwarded that news to our volunteers.,False,uncertain
"Today, if you were raised poor, youre just as likely to stay poor as you were 50 years ago.",True,uncertain
"Says President Barack Obama told a room of students, Children, every time I clap my hands together, a child in America dies from gun violence, and then a child told him he could solve the problem by not clapping any more.",False,correct
NASA scientists fudged the numbers to make 1998 the hottest year to overstate the extent of global warming.,False,correct
There is no record of congresswoman Betty Sutton ... ever holding a single in-person town hall meeting open to the general public.,False,uncertain
On the Bush tax cuts.,False,uncertain
Sixteen million jobs were created under Ronald Reagans presidency.,True,incorrect
This would be the largest casino in the United States.,False,uncertain
Barack Obama ... 96 percent of his votes have been solely along party line.,True,uncertain
"John McCain ""has not led on nonproliferation issues when he had the chance in the Senate.""",True,uncertain
Says American polling shows Russian President Vladimir Putin has an 80 percent approval rating.,True,uncertain
Pasco County schools have graduation rates substantially higher than the state average and dropout rates below the state average.,True,uncertain
"In rural Virginia, Sen. Warner ran 8-10 points ahead of a traditional Democrat -- ahead of Senator Kaine, ahead of Governor McAuliffe.",False,uncertain
I can tell you with certainty (capandtrade)would have a devastating impact on our economy.,False,uncertain
Mitt Romney left Massachusetts $1 billion in debt.,False,correct
Says Barack Obama promised he would cut the deficit in half but didnt.,True,uncertain
The fact is the Clinton Foundation has got about 80 percent in overhead and 20 percent of the money is actually getting into the places it should.,False,uncertain
Health care premiums for consumers have doubled since 2001.,True,uncertain
"Gov. Romney himself, with 28 other Republican governors, supported policies that would have eliminated the time limits in the welfare reform law and allowed people to stay on welfare forever.",False,correct
"Under Lt. Gov. Lee Fisher, Ohio is 44th in the country in terms of getting money actually into worker retraining.",False,uncertain
"Im well aware that medical marijuana is a recognized, medical, viable treatment for this sort of [pancreas] pain condition.",False,uncertain
Says Rick Perry recently said he wanted another (Texas) business tax.,False,uncertain
"Right now, an employer has more of a chance of getting hit by lightning than be prosecuted for hiring an undocumented worker. That has to change.",False,uncertain
Wisconsin dropped from second in the country to 41st among states where more than half the students took the ACT exam.,False,uncertain
"Says At age 76 when you most need it, you are not eligible for cancer treatment under Affordable Care Act.",False,correct
Says an Obama administration policy prohibits people who work with at-risk youth from promoting marriage as a way to avoid poverty.,False,correct
Loranne Ausley voted six times to tax your savings.,False,correct
Four state Assembly Democrats scored a death blow to northeast Wisconsins economy by killing hundreds of jobs at a potential Bass Pro Shops near Green Bay.,False,uncertain
The president campaigned against this type of legislation.,True,uncertain
"The percentage of black children born without a father in the home has risen from 7 percent in 1964 to 73 percent today, due to changes from President Lyndon Johnsons Great Society.",False,correct
I said no to these big bank bailouts.,True,uncertain
ACORN could get up to $8.5 billion more tax dollars despite being under investigation for voter registration fraud in a dozen states.,False,uncertain
The collective net worth of Americans has taken a $5.5 trillion hit ... mainly due to plummeting home values.,True,uncertain
"The average Georgia family makes $6,000 less than the average family did 10 years ago when inflation is factored in.",True,uncertain
"The Obama administration leaked information, deliberately or otherwise, that led to the identification of the Pakistani doctor that helped us in achieving our goals and killing bin Laden.",False,uncertain
Says President Barack Obama spent nearly a trillion dollars on make-work government jobs.,False,uncertain
"Since John F. Kennedy was assassinated in 1963, more Americans have died by gunfire within our own country than American servicemen and women who were killed in all our wars.",True,uncertain
Says If you compare the Portland Metro area to the CDCs statewide cavity rates ... the Portland Metro area would actually rank as having the 15th lowest cavity rate in the U.S.,False,uncertain
"It costs $10,000 a year to keep a child in school; it costs $30,000 a year to keep someone in prison.",True,uncertain
Says Republican Rep. Charlie Dent wants to kick the Freedom Caucus out of the Republican conference for voting our conscience.,False,uncertain
"He was offered medical care for his injuries if he would give up military information in return. John McCain said, 'No.' ",False,incorrect
Obamacare ... will kill jobs across America.,False,uncertain
"Last weeks three most-viewed television programs wereSunday Night Football, Thursday Night Football and Monday Night Football.",True,uncertain
On federal stimulus money for expanding rail service.,True,uncertain
"About 106,000 soldiers had a prescription of three weeks or more for pain, depression or anxiety medication.",True,uncertain
"If you and I fail to defund ObamaCare now, some 16,000 new IRS agents will be begin prying into our private medical records, eyeing each and every one of our treatments and prescriptions for violations.",False,correct
John McCain says it's okay with him if the U.S. spends the next thousand years in Iraq.,True,incorrect
"Says that in 2015, illegal immigrants accounted for 75 percent of federal drug possession convictions and 5 percent to 30 percent of convictions for murder and kidnapping plus two other crimes.",True,incorrect
"Says his bill, HB 97, would prevent the use of taxpayer dollars on abortions.",False,incorrect
Federal health care reforms amounted to the government takeover of health care.,False,correct
"When he worked for ATT, he ""was responsible for large parts in a $5 billion organization.""",False,uncertain
Mitch McConnell voted with Harry Reid to infringe on our gun rights.,False,uncertain
"Of the roughly 15 percent of Americans who dont have health insurance, half of them made more than $50,000 a year.",False,uncertain
Says House Democrats voted to use your tax dollars for abortions by voting against bill defunding Planned Parenthood.,False,correct
"McCain ""has opposed stem cell research.""",False,uncertain
"The EPA wants to hire 230,000 new government regulators that will cost the taxpayer $21 billion.",False,uncertain
"If the Trans-Pacific Partnership is fast-tracked through the Senate, it wont receive a committee assignment and the consideration will include no debate.",False,uncertain
The Cleveland police has issued a stand down order to officers.,False,uncertain
"The Keystone pipeline creates 35 permanent jobs after construction, according to a government report.",True,uncertain
Victory! Republicans by 2 to 1 vote to endorse Mark Neumann on first ballot at GOP convention.,False,uncertain
"All four on Mount Rushmore, they were all independents at one critical point in their career.",False,correct
We didnt go out asking people to join the stand your ground task force.,False,uncertain
Rhode Islands exports have increased by 53 percent in the last two years.,True,uncertain
Giant companies like Toyota will not locate in a state that has not passed a right-to-work law,False,uncertain
Foreign Chinese prostitution money is allegedly behind the groups funding Congressman Sean Duffys Republican Majority.,False,uncertain
Rhode Islands unemployment insurance system is the most expensive such system in the country.,False,uncertain
"Says a YouTube video shows Thomas DiMassimo, the man who rushed Trump at an Ohio rally, dragging the American flag on the ground like it was a piece of garbage.",True,incorrect
"Obama worked with ""Sen. Dick Lugar, a Republican, to help lock down loose nuclear weapons.""",True,correct
The United States is at historic record highs of individuals being apprehended on the border from countries with terrorist ties such as Pakistan or Afghanistan or Syria.,False,uncertain
"Says the estate tax, in many cases, forces family farmers and small businesses owners to sell their holdings.",False,incorrect
Sayvideo shows massive alligator strolling across Florida golf course.,True,uncertain
"If you look at the number of illegal immigrants coming into the country, it is net zero. Its been that way now for almost two years.",True,uncertain
Wisconsins lawsuit rules are so anti-business that the states system is one of the most promiscuous in America.,False,uncertain
"Says Joseph Stalin said if you want to bring America down you, have to undermine three things: our spiritual life, our patriotism and our morality.",False,uncertain
Bryce Reeves chaired a group bankrolled by a New York billionaire who fired hundreds of Virginia workers and sent their jobs to China.,False,uncertain
"In 2011, Alabama and Massachusetts passed legislation allowing non-citizens who are legal residents to vote in state and local elections.",False,correct
The Red Sox waited 87 long years to win the World Series.,False,incorrect
Almost every state has offered an insurance plan on its health exchange that does not cover abortion.,True,correct
"The largest tax increase that we have ever had in our state is yours it is the business margins tax that you signed, governor.",False,uncertain
Georgia has the second-highest rate of childhood obesity in the United States.,True,uncertain
We are giving almost $2 billion of taxpayer money to the junk food and fast food industries every year to make the (childhood obesity) epidemic worse.,False,uncertain
A bill by Earl Blumenauer would mandate GPS tracking devices on all our vehicles.,False,uncertain
There is a precedent for not nominating someone to the U.S. Supreme Court in the middle of a presidential election.,False,incorrect
Four out of 10 homicides are committed by gun in this city.,True,uncertain
A picture shows former President Bill Clinton naked with another woman.,False,correct
"There is no disagreement that we need action by our government, a recovery plan that will help to jump-start the economy.",False,uncertain
"Says it probably costs more than $300,000 to run for a seat on the Pedernales Electric Cooperative board of directors.",False,uncertain
Wind power is the most undependable form of renewable energy.,False,uncertain
The House has never failed to pass a budget in the modern era.,True,incorrect
"Tommy Thompson created the first school choice program in the nation, giving thousands of Milwaukee students the choice of where they go to school no matter where they live or how much money their parents make.",True,correct
"McCain ""still thinks it's okay when women don't earn equal pay for equal work.""",False,uncertain
"The Baucus bill ""contains provisions that would send massive federal subsidies directly to both private insurance plans and government-chartered cooperatives that pay for elective abortion.""",True,incorrect
"Obama ""won health care for 150,000 people.""",True,uncertain
State governments have little ability to stimulate job growth in the short run.,True,uncertain
He (Obama) chairs the subcommittee on Europe. ... He's held not one substantive hearing to do oversight.,True,uncertain
"Sarah Palin ""already has more executive experience"" than Barack Obama and Joe Biden ""combined.""",True,uncertain
"Texas has, now, the highest share of minimum-wage workers in the nation.",True,uncertain
Nothing in the Constitution explicitly guarantees our right to vote.,True,correct
"On the new dollar coins, ""'In God We Trust' is gone!""",False,uncertain
"If you look at most of the polls, this is a margin-of-error race on Fourth of July between Mitt Romney and the president.",True,uncertain
"In the last 10 years, Georgias middle class income has dropped $6,500.",True,uncertain
Rooting for the Red Sox is like rooting for the drug companies.,True,uncertain
"Says Rick Perrys Pay to Play politics led him to send $899 million to an offshore call center in Bermuda, driving down enrollment in childrens health insurance",False,uncertain
On allowing a vote on universal gun background checks in the U.S. Senate.,True,uncertain
Obama has more czars than the Romanovs.,True,uncertain
Gov. McDonnells proposed budget is cutting public education.,False,uncertain
A [bank] surveillance camera capturing a criminals face and other identifiable traits would certainly discourage robbery attempts and serve as a deterrent to robbers.,False,uncertain
"Medicare costs have slowed down dramatically. In fact, the first two months of this fiscal year, Medicare costs were down even in nominal terms relative to the previous year.",True,uncertain
I have spent virtually every weekend since Memorial Day in the Panhandle.,True,uncertain
"In the 2012 election, there were more votes cast than registered voters in St. Lucie County, and Palm Beach County had 141 percent turnout.",False,uncertain
Im not a conspiracy theorist and I never allow conspiracy theorists on my program.,False,uncertain
Theres been no conclusive or specific report to say Russia was trying to muddy the election.,False,uncertain
Says Christopher Little has a history of working against environmental protection by defending the worst types of corporate polluters,False,uncertain
"There is nothing in the current state public records law that prohibits sensitive or confidential business information from being just that, confidential.",True,correct
Says Gov. Scott Walker dropped out or was kicked out of college short of a degree not long after he was kicked out of student elections at Marquette University.,False,uncertain
The U.S. doesnt make television sets anymore.,True,incorrect
Wisconsins projected state budget shortfall is now as low as $1.5 billion,False,uncertain
Heroin .. pours across our southern borders.,True,uncertain
"Before the Republican wave in 2010, Democrats had an advantage on the generic ballot in Congress. Even in 1994 with the Gingrich revolution ... Democrats had that advantage.",True,correct
"Sen. McCain was already turning his sights to Iraq just days after 9/11, and he became a leading supporter of an invasion and occupation of (Iraq).",True,uncertain
"Brazil built a $300 million stadium in the Amazon rainforest that is only going to be used for four World Cup games, and theres no team that can fill it afterwards.",True,uncertain
"Says Ohio Rep. Marcy Kaptur actually lives in a fancy condo in the Washington, D.C. suburbs.",False,uncertain
"U.S. Rep. Jim Langevin didn't want a border fence to block illegal immigration ""because he is afraid that someone will get hurt trying to go around the fence.""",False,uncertain
Says Mitt Romney supports cap and trade.,False,correct
"The State Election Board has issued nearly $275,000 in fines to violators of absentee ballot laws.",True,uncertain
"Dark money spending in the 2016 election cycle is 10 times what it was at the same point in the 2012 election cycle, when it topped $308 million.",True,correct
Says there is an upcoming vote to preserve benefits of Texas homestead exemption for seniors and the disabled.,False,uncertain
The government is trying to now close the Lincoln Memorial for any kind of large gatherings.,False,uncertain
More Americans have died from guns in the United States since 1968 than on battlefields of all the wars in American history.,True,correct
"There is no war on coal. Period. There are more coal jobs and more coal produced in Ohio than there were five years ago, in spite of the talking points and the yard signs.",True,uncertain
Says One of the states largest governments made charging this tax one of their top priorities just this year.,False,uncertain
The immigration bill has a specific provision that says that Secretary Napolitano does not have to build any fence if she chooses not to.,False,uncertain
On redistricting.,False,uncertain
"The Trans-Pacific Partnership was designed for China to come in, as they always do, through the back door and totally take advantage of everyone.",False,correct
More women are graduating from college now than men.,True,uncertain
"Says the stimulus bill sent tax credits overseas, such as half a billion to an electric car company that created hundreds of jobs in Finland.",False,uncertain
Health insurance companies' costs are only 4 percent of all health care spending.,True,incorrect
Says Larry Taylor gave in-state tuition to illegal immigrants.,False,correct
"After the attack on a U.S. diplomatic mission in Benghazi,Libya,the ambassadors body was dragged through the street.",False,correct
Six thousand people have sought addiction treatment through expanded Medicaid.,False,uncertain
The problem with raising tax rates on the wealthiest Americans is that more than half of them are small business owners.,False,uncertain
About 78 to 81 House Democrats are members of the Communist Party. ... Its called the Congressional Progressive Caucus.,False,correct
Bill McCollum backed Jim Greers effort to hide financial irregularities.,False,uncertain
Creflo Dollar needed a $65 million Gulfstream G650 to carry thousands of pounds of food and other supplies -- as well as the Word of God -- worldwide.,False,uncertain
Halliburton gave Dick Cheney a $34 million payout when he left the company to join the presidential ticket.,True,uncertain
Fox News is banned in Canada because it violatesa law thatprevents news channels from lying to their viewers.,False,correct
Says under President Barack Obama theres been the lowest discretionary spending weve had in decades in the United States.,False,correct
"In one year, (President Obama) provided $90 billion in breaks to the green energy world into solar and wind, to Solyndra and Fisker and Tesla and Ener1.",False,uncertain
Youve been tremendously deceived by people who say the Earth is not flat.,False,correct
Hedge fund managers pay less in taxes than nurses and truck drivers.,False,uncertain
Wisconsin law says all recall petition signers must sign in the presence of another person.,False,correct
"In early voting in Miami-Dade County, there is a trickle of two or three people a day at a very high cost to keep those public libraries and polls open.",False,uncertain
"Whether the Amendment passes or not, the medical use of marijuana is a federal criminal offense.",True,incorrect
Jules Bailey was instrumental in creating the Business Energy Tax Credit that let companies like Wal-Mart profit by $11 million while costing the Oregon general fund $33 million.,False,uncertain
"The big Wall Street banks, the big corporations give many times more political donations to Democrats than Republicans.",False,uncertain
David Perdue has never voted in a Republican primary until his name was on the ballot.,False,uncertain
The War in Afghanistan is officially the longest war Americans have ever been asked to endure.,True,correct
Says in Texas its legal to shoot someone whos committing a public nuisance under the cover of dark.,False,correct
Says Oregon state employees received a catch-up pay raise in 1981 -- just two years after they agreed not to take a raise in exchange for a retirement benefit.,False,uncertain
"All of Texas is conservative, except a little bit of Austin.",False,uncertain
"Under this tax cut, middle-class families dont save enough for a weeks worth of groceries, while millionaires save enough to go on an exotic vacation.",True,uncertain
The poverty rate amongst women is the worst its been in 17 years and the extreme poverty rate is the worst its ever been.,True,uncertain
Says the word Dhimmitude is on page 107 of the health care law and means Muslims are specifically exempted from the government mandate to purchase insurance.,False,correct
"Scientists have shown us (that) the greater possibilities, the real science movement, has been with adult stem cell research. It has not been with embryonic.",False,uncertain
Elorza wants to teach our public school children about the non-existence of God.,False,uncertain
On implementing a sales tax.,False,uncertain
"A few weeks ago, (the) education committee in Congress is deciding whats going to be in your local salad bar.",False,correct
Says a study shows that children who live with a biological parent and the parents boyfriend or girlfriend have a 20 times greater chance of being sexually abused.,True,uncertain
"A proposed regional transportation tax will last a minimum of 10 years, and has been approved to last longer.",False,uncertain
Warren Buffett called (Jeff) Greenes scheme financial weapons of mass destruction.,False,uncertain
"Its not true that since hes been the president, executions in Iran have increased by four times.",False,uncertain
Over half the people on disability are either anxious or their back hurts.,False,uncertain
"Today California is kicking our butt, creating more jobs and more economic growth than Texas.",True,uncertain
One of every two Wisconsin residents are on some kind of government handout.,False,uncertain
"A new ruling by the EPA would force dairy farmers to comply with the Spill Prevention, Control and Countermeasure Program when dealing with spilt milk -- the same regulations oil and natural gas producers must follow.",False,correct
"Last year, we had zero percent growth in GDP in Virginia ...The only states that did worse than us were Alaska and Mississippi.",True,uncertain
"In the U.S. Constitution, theres a little section in there that talks about life, liberty and the pursuit of happiness.",False,correct
"Your tax dollars are not being used to sue you, the people.",False,uncertain
Felony crimes in the city of Atlanta are the lowest they have been since 1969.,True,uncertain
Both the Democratic and Republican candidates for president in 2016 are quite unpopular.,True,uncertain
Says he came to the Republican Party sooner in age than Ronald Reagan.,True,uncertain
"Fluoride in the water, that was originally done by the Nazis!",False,correct
He was a member of the Iraq Study Group and was either fired or quit from a very important commission that was trying to figure out the way forward in Iraq.,True,uncertain
"Presidents Hoover, Truman and Eisenhower collectively ordered the deportation of at least 15 million illegal aliens.",False,correct
We now work the longest hours of any people around the world.,False,uncertain
The Republican National Convention is a Super Bowl times four.,False,uncertain
Says more Republicans than Democrats voted for the Wall Street bailouts.,False,uncertain
A bill that could restrict free speech when the president is nearby was signed by President Barack Obama in secret.,False,correct
"George Allen voted for budgets that increased the national debt by $16,400 for every second he served in the U.S. Senate.",True,uncertain
"This town (Wilmington, Ohio) hasnt taken any money from the government. They dont want any money from the government.",False,uncertain
"We were not, I repeat, were not told that waterboarding or any of these other enhanced interrogation methods were used.",False,uncertain
22 Countries Invaded by the U.S. in 20 Years.,False,uncertain
The U.S. Constitution is the oldest written constitution still in use today among nations.,True,correct
Says Donald Trumpsfoundation took money other people gave to his charity and then bought a six-foot-tall painting of himself.,True,uncertain
On Common Core.,False,uncertain
Says Ron Johnson helped companies ship jobs overseas.,False,uncertain
Florida Democrats just voted to impose Sharia law on women.,False,correct
Says Bill Clinton opposes President Barack Obamas plan to raise taxes on wealthy Americans.,False,correct
Ninety-seven percent of Americans do not receive subsidies for health care under the Affordable Care Act.,True,uncertain
Our economy is not growing.,False,uncertain
Says state Senate candidate Monk Elmer voted to exceed the (school district property tax) spending caps.,False,uncertain
"For at least a year now, I have called for two additional brigades, perhaps three.",True,uncertain
Says Hillary Clinton wants to go to a single-payer plan for health care,False,uncertain
Foreign aid is less than 1 percent of our federal budget.,True,uncertain
"Obama has ""visited more countries and met with more world leaders than any president in his first six months in office.""",True,correct
"Says Texas has so few gas-pump inspectors in the field, the HEBs of this state, the Brookshires of this state, theyre calibrating their own gas pumps. The (Texas Department of Agriculture) just sends them the stickers and they calibrate them.",False,incorrect
Senator Obama has voted 94 times to either increase your taxes or against tax cuts.,False,uncertain
Lorain is the poorest urban school district in the state of Ohio.,False,uncertain
The Senate health care bill does not contain limits on medical malpractice lawsuits.,True,uncertain
Says President Barack Obama said that American exceptionalism is no more exceptional than the exceptionalism of any other country.,False,uncertain
"George Bush ... used a signing statement (on a FEMA bill) to say, 'I don't have to follow that, unless I choose to.' ",True,correct
I saved the taxpayers $2-billion on a bogus Air Force Boeing tanker deal where people went to jail.,True,uncertain
Says the fluoride Austin is putting in its drinking water is toxic waste.,False,correct
The U.S. Supreme Court struck down Wisconsins photo ID election law,False,correct
"A telephone company will no longer have to provide landline service to customers if there is an alternative provider, including wireless.",True,uncertain
The people of Tiverton have historically supported [gambling measures] at a rate higher than the rest of the state.,True,uncertain
We know how to stop AIDS: persuade men not to have sex with men.,False,correct
And weve constantly been the lowest unemployed county in the state.,False,uncertain
The federal government can tell General Motors what to charge for its automobiles.,False,correct
A few weeks ago Obama took Hamas and Iran OFF the terror list.,False,correct
"Once a woman enters into the sex trade, her average life expectancy is seven years.",False,correct
The Electric Reliability Council of Texas (ERCOT) has estimated that the Obama administrations Power Plan will cause energy costs in Texas to rise as much as 16 percent per year.,False,correct
"We are almost halfway to our goal of 1,000 rapes prosecuted!",True,incorrect
"One in every five families in the state of New Jersey has a loved one with a mental illness, a serious mental illness, and today, we dont care.",True,uncertain
"Says kids who start in the ninth grade in the city of Newark this past September, 23 percent of them will graduate in four years.",False,uncertain
"Says McCain was a ""Hanoi Hilton songbird"" who collaborated with the enemy.",False,correct
On whether hes had a relationship with Vladimir Putin.,False,uncertain
Says Gov. Chris Christies poll ratings have been going up.,False,uncertain
All private healthcare plans must conform to government rules to participate in a Healthcare Exchange.,True,uncertain
On debating.,False,uncertain
Virtually every person across this country has seen premiums going up and up and up due to Obamacare.,False,uncertain
"The 1990s were a time of prosperity. We created more than 22-million new jobs, moved 8-million people out of poverty, and turned our economy around.",True,correct
The Affordable Care Act will likely go down as the biggest tax increase in history.,False,uncertain
"New Jersey loses net, that is minus those who come into the state, 30,000 students a year.",True,uncertain
All the talk about socialism during the campaign made young people more interested in it by Election Day.,False,uncertain
Ive done more impeachments than anybody else in the history of the country.,True,incorrect
"Says Marco Rubio believes the earth is 9,000 years old and that humans hunted dinosaurs to extinction; says Rand Paul believes the earth is 10,000 years old and God removed dinosaurs to make space for humans.",False,uncertain
A $250 fine if youre caught with a plastic bag coming out of a store. Plastic bag police anyone?,False,uncertain
"In countries where there are higher, more strict gun laws, there is more gun violence.",False,correct
Says Donald Trump wants to undo marriage equality.,True,uncertain
"The Border Patrol has 20,000 agents more than twice as many as there were in 2004.",True,uncertain
Abortions account for 94 percent of the services provided for pregnant women by Planned Parenthood.,False,uncertain
"While (Charlie Crist) was governor, utility costs went up 30 percent and went from below the national average to above the national average. Since I got elected, utility rates have come down 11 percent and now we are below the average.",False,uncertain
On supporting right to work legislation in 2015,False,uncertain
"POTUS economists: Stimulus Has Cost $278,000 per job.",False,uncertain
"Says Donald Trumps conversion to pro-life beliefs are akin to Justin Biebers, who said in the past that abortion was no big deal to him.",False,uncertain
"Before I was state treasurer, my Rhode Island business helped create over 1,000 jobs.",True,uncertain
Says Bill White profiteered in the aftermath of Hurricane Rita.,False,uncertain
Metro on whether it could use bond money for restoration.,False,uncertain
Barack Obama thinks terrorists just need a good talking to.,False,correct
"A majority of Americans agree with a ban on assault weapons. And by the way, so did Ronald Reagan.",True,uncertain
"Only 42 percent of young Georgians have a college certificate or degree, but soon 60 percent of jobs will require some college credential.",True,uncertain
Says HJM 20 was the only bill not assigned to a House committee.,False,uncertain
"Illinois suffered 1,652 overdose deaths in 2014 ... of which 40 percent were associated with heroin. Illinois is ranked number one in the nation for a decline in treatment capacity between 2007 and 2012, and is now ranked the third worst in the country for state-funded treatment capacity.",True,uncertain
The minimum wage has risen $2.35 in the last two years. Thats 31 percent.,False,uncertain
The music industry is the biggest export from Africa after oil and gas.,False,uncertain
"The average family (is) now bringing home $4,000 less than they did just five years ago.",True,uncertain
On the Troubled Asset Relief Program (TARP),True,uncertain
Says there are four super PACs on the Republican side of the Texas U.S. Senate race.,True,uncertain
"Unfortunately, since Mr. Fosters been mayor ... there are less people employed in the city of St. Petersburg than there were prior to his taking office.",False,uncertain
"Says U.S. Rep. Ron Kinds stimulus cost taxpayers $278,000 per job.",False,uncertain
"Under the White Houses budget proposal, we will not be adding more to the national debt by the middle of the decade.",False,uncertain
Says CharlieCrist made it easier for Duke to take your money.,False,uncertain
We havent yet taken out a negative ad.,False,uncertain
"Over the past year ... our 16 counties have hemorrhaged more than 6,000 jobs with no apparent end in sight.",False,uncertain
"Since President Barack Obama took office, you have 1,700 employees just at the Department of Transportation earning over $170,000.",False,uncertain
"Even with recent changes, the average hourly wage at General Motors is still $75 an hour.",False,uncertain
U.S. House opponent Paul Ryan supports cutting funding for veterans by 24 percent.,False,correct
The Milwaukee business community did not speak about the facts -- and in support of train manufacturer Talgo -- as the Milwaukee-Madison rail link was being killed.,True,uncertain
Sen. McCain says it was not a mistake to vote against the Bush tax cuts ... but now says the tax cuts need to be made permanent.,True,uncertain
Says 97 percent of food stamp benefits are paid in the proper amounts to people who are really eligible.,True,uncertain
"The Senate has not passed a budget in more than three years, not a good budget, not a bad budget, no budget.",True,uncertain
"Congress includes 36 people accused of spousal abuse, 84 arrested for drunk driving in the past year, 71 with terrible creditand more.",False,uncertain
The Bundy Ranch deal is all about Nevada Sen. Harry Reid using federal violence to take peoples land in his state so he can package it to re-sell it to the Chinese.,False,correct
There's no evidence anywhere that offshore drilling has hurt tourism in any area where it has been allowed.,False,uncertain
Says Wisconsin women facing pay discrimination cant do something about it under bill passed by Republicans.,False,correct
"Under the new health care law, if a landscaper wants to buy a new lawnmower, or a restaurant needs a new ice-maker, they have to report that to the feds.",True,incorrect
Says Charlie Crist implemented Jeb Bushs A+ Plan.,True,incorrect
We have 650 people who move to Texas every day.,True,uncertain
The New England Journal of Medicine released a survey the week that President Obama signed Obamacare stating that over 30 percent of American physicians would leave the profession if the government took over health care.,False,correct
You can buy lobster with food stamps.,True,correct
"I remember one of [Curt Schillings] teammates said he painted his sock, the bloody sock.",False,incorrect
Canada sets aside 36 percent of their visas for people with skills they think their country needs. We set aside 6 percent.,False,uncertain
The federal health care law is probably the biggest tax increase ever in the history of our country.,False,uncertain
Says Republicans supported legislation on early voting and in-person voting in 2005.,True,incorrect
Says Austin is the largest city in America without a congressional district anchored in it.,True,incorrect
"When people enter the service, theres not a mental health evaluation.",True,uncertain
Theres more murders with hammers last year than...shotguns and pistols and AK-47s.,False,uncertain
"Ms. Kagan has spent her entire professional career in Harvard Square, Hyde Park and the D.C. Beltway.",True,uncertain
"Because of voter fraud, Republican candidates need to do a point or two better to win statewide elections in Wisconsin.",False,uncertain
Nine million people have lower-cost HIV/AIDS medicine because of the work of the Clinton Foundation and my husband.,True,uncertain
Ohioans want an end to pay-to-play politics.,False,uncertain
General Motors is the largest corporation in the world again.,False,uncertain
Says Ohio Treasurer Josh Mandel supports allowing the United States to default on its obligations.,False,correct
A referendum gives the people the chance to decide on cutting the Milwaukee County Board budget by two-thirds,False,uncertain
"Even among second and third generation Muslims in the United States, theres no real assimilation.",False,uncertain
"Says Ted Cruz was just bribed by the Kochs to introduce a bill that would give them and their allies Americas national forests, parks, and other public lands and open them for mining, drilling, fracking and logging.",False,uncertain
On subsidies for ethanol production.,False,uncertain
One out of five of our children live in a family thats on food stamps.,True,uncertain
Says Bruce Starr broke the law by letting lobbyists wine and dine him in Maui.,False,uncertain
Latina who enthusiastically supported Donald Trump on stage in Las Vegas in October 2015 has been deported.,False,uncertain
"What I look at every month is how many more New Jerseyans are back to work. You have another 9,900 last month that are back to work and over almost 90,000 that are back to work now since I became governor.",False,uncertain
Says Newt Gingrich co-sponsored a bill with Nancy Pelosi that would have given $60 million a year to a U.N. program supporting Chinas brutal one-child policy.,False,correct
"Poor people go to a ""payday lender...and they pay 300, 400, 500 percent interest.""",True,correct
 ... following World War II war crime trials were convened. The Japanese were tried and convicted and hung for war crimes committed against American POWs. Among those charges for which they were convicted was waterboarding.,True,incorrect
Says the secret John Doe criminal investigation of his campaign has been resolved and two judges have said it is over.,False,uncertain
"I'll tell you what I can tell this country: If they want a president who doesn't believe in God, there's probably plenty of choices.",False,uncertain
Drinking champagne could help prevent Alzheimers and other forms of dementia.,False,uncertain
"Right now in Georgia, nearly one in three leaving our prisons are re-convicted within three years.",True,correct
Says Kay Hagan supports waivers for friends of Obama and special treatment for Congress and their staffs.,False,correct
The Department of Homeland Security is the only federal department not funded for this entire fiscal year by Congress.,True,incorrect
"If you are a member of union, your median weekly income is roughly $200 more than if you are a nonunion member, and that doesnt include benefits.",True,correct
"For every dollar (in the stimulus package) that is spent to help small businesses, $4 is being spent to help upkeep the grass on the lawns of Washington.",False,uncertain
"If sea levels rise six feet due to climate change, Waterplace Park in Providence and Wickford village would be swamped",True,uncertain
"Says the state of Texas rates as unacceptable almost 500 of the states 8,000 public schools.",True,uncertain
Says Dan Patrick proposed Arizona-style show-me-your-papers legislation.,True,incorrect
Our (Texas) graduation rate ranks 43rd out of 50 states.,True,uncertain
Says that his transportation budget and Ohio Turnpike plan would make sure we have lower tolls than weve had through the history of the turnpike.,False,uncertain
North Carolina has one of the fastest growing populations as well as the fastest growing economy in the country.,True,uncertain
Says Paul Ryans budget relies on the same $700 billion in savings from Medicare that Mitt Romney and other Republicans have been attacking Democrats about.,True,uncertain
Says Hillary Clintons State Department blocked investigation into Orlando killers mosque.,False,correct
The Madison-Milwaukee (high-speed) train line is dead.,False,uncertain
"Says that in 2011, Oregon had the second fastest growing economy in the nation.",True,uncertain
I never favored cap and trade.,False,uncertain
"The runnerup to Caitlyn Jenner for ESPNs Arthur Ashe Courage Award was Army veteran Noah Galloway, who lost an arm and leg to a roadside bomb in Iraq.",False,uncertain
Caution: Kissing and cuddling chickens can be hazardous to your health.,True,correct
The coalition of Arab states against Libyas Moammar Gadhafi is the biggest coalition against a fellow Arab leader since the Persian Gulf War in 1990-1991.,True,correct
"In this judicial race, special interest groups have demanded money from me, in exchange for endorsement and support.",False,uncertain
Says the Simpson-Bowles deficit reduction proposal went from President Barack Obamas desk to the garbage can.,False,incorrect
"Believe it or not, consumer spending is up over the last eight months.",True,uncertain
President Obama and liberal former DNC Chairman Tim Kaines $787 billion stimulus failed to create jobs.,False,uncertain
"Marco Rubio's ""income skyrocketed while his power increased.""",True,uncertain
"Says his proposed payroll tax cut will mean an extra $1,500 in your pocket compared to if we do nothing.",True,uncertain
Says the National Labor Relations Board told Boeing that it cant build a factory in a non-union state.,False,correct
"Says by rejecting an expansion of Medicaid under the new law, Georgia was depriving 25,000 veterans of health care coverage.",True,uncertain
Says the case of a Texas judge who refused to perform heterosexual weddings exposes a double standard in the case against Kentucky clerk Kim Davis.,False,uncertain
On Donald Trumps track record in business,False,uncertain
"With the exception of baby formula, the federal government does not require any food to carry an expiration date, and state laws vary widely.",True,correct
The amount of money that we put into running our own state legislature is nearly as much as we put into the University of Rhode Island.,False,uncertain
Beaverton enjoys the most diverse population (by percentage of population) among Oregon cities.,False,uncertain
Evidence shows Zika virus turns fetus brains to liquid.,False,correct
Seventy percent of Americans dont have a college degree.,True,uncertain
Says the oil industry subsidies that President Barack Obama is attacking dont exist,False,correct
John McCain decided to stand with George Bush 95 percent of the time (last year).,True,uncertain
"Says that when the Rolling Stones performed in an Austin park, they paid $25,000 to the nearby city of Rollingwood for one night of inconvenience.",True,uncertain
Says Marco Rubio knows full well I voted for his amendment to increase military spending to $697 billion.,True,uncertain
A white family is likely to have about six times as much wealth than a black or Hispanic family coming out of the recession.,True,correct
State employees are actually going to get a pay raise.,False,uncertain
Congressman Kasich wants to use our tax dollars to give secret bonuses to his corporate friends.,False,uncertain
"Says as a share of the US economy, the governments support for research and development (RD) has fallen by nearly two-thirds since the 1960s.",True,uncertain
Property tax exemptions can be granted to small businesses that move into Milwaukee County.,False,incorrect
Gov. Sarah Palin got precisely zero support for her call for Alaskas Democratic Senator Mark Begich to resign because Ted Stevens corruption conviction was overturned.,False,uncertain
Says opponent David Dewhurst is a career politician.,False,uncertain
Says Virginia economic development officials decided they didnt want to bid on his companys electric automobile plant.,False,uncertain
"The State Department says the 42,000 jobs created by the Keystone XL pipeline are ongoing, enduring jobs.",False,uncertain
Wisconsins new state budget includes a 15 percent increase for road construction and yet weve got local towns tearing up paved roads and replacing them with gravel.,False,uncertain
The cost-of-living increase in Social Security is tied to wage inflation.,False,incorrect
Georgia is one of only about seven states in the country that has a AAA bond rating.,True,correct
Three in four low-income workers dont have any paid sick days available.,True,uncertain
The Department of Health and Human Services is providing $160 million to the state of Pennsylvania to set up a new high-risk insurance pool program that would cover any abortion legal in the state.,False,uncertain
Boston Marathon bombing suspect Tamerlan Tsarnaev is buried not far from President Kennedys grave.,False,incorrect
"Politician Reid Ribble wants to phase out Social Security, forcing Wisconsin seniors to fend for themselves.",False,correct
Says Houstons 18th congressional district has been gentrified and is home to more Anglos than African Americans.,False,uncertain
"Stimulus tax cuts ""began showing up in paychecks of 4.8 million Indiana households about three months ago.""",False,uncertain
"Say Matt Wand cut Troutdale police, created a slush fund for himself.",False,uncertain
Were second only to Boston in college students per capita.,False,uncertain
Obama Declares November National Muslim Appreciation Month.,False,correct
"Under Obamacare, The IRS will have access to the American peoples protected health care information.",False,incorrect
"Ohio has one of the highest provisional ballot rates in the country, and many of them go uncounted each election.",True,uncertain
White men account for 69 percent of those arrested for violent crimes.,False,uncertain
"When the Dallas/Fort Worth Airport needed to stop its earthquake spike a few years ago, they temporarily shut down the wells that were injecting fracking fluid into the ground ... (and) those earthquakes stopped.",True,uncertain
Says Supreme Court candidate JoAnne Kloppenburgs record as a state Justice Department lawyer consists only of the prosecution of cases regarding regulation of docks.,False,uncertain
Says Sen. Mitch McConnell is the No. 1 recipient of contributions from lobbyists this cycle.,True,uncertain
"98 percent of small businesses make less than $250,000 and would not see a tax increase under Barack Obama's plan.",True,uncertain
''The leading Democratic candidate once said that the unfettered free market is the most destructive force in modern America.'',False,uncertain
"We have trade agreements with 20 countries, and we have trade surpluses with each one of those 20.",False,uncertain
"This March, for the first time in human history, the monthly average carbon dioxide in our atmosphere exceeded 400 parts per million. The range had been 170-300 parts per million for hundreds of thousands of years.",True,correct
Congress' approval rating is 11 percent. You know who's higher? Dick Cheney and HMOs.,False,uncertain
Oil companies ...currently have 68-million acres that they're not using.,False,uncertain
Says Donald Trumps proposed tax treatment of hedge fund managers makes the current loophole even worse.,True,uncertain
John Raeses wife is registered to vote in Florida so she cant even vote for him.,True,incorrect
"Scientists tell us that we could have a cure in 10 years for Alzheimers were it not for overzealous regulators, excessive taxation and greedy litigators.",False,uncertain
More people are struck by lightning than commit in-person voter fraud by impersonation.,True,correct
Says the last non-partisan commission to improve the voting experience in America concluded that #VoterID was necessary.,True,incorrect
Says theCongressional Budget Officehas estimatedevery penny of the federal budget will go to interest on the debt and entitlement spending by 2025.,True,uncertain
"During Obamas first five years as president, black unemployment increased 42 percent. During Reagans presidency, black unemployment dropped 20 percent.",False,uncertain
Milwaukee lost the headquarters for MillerCoors because the area lacks good transit.,False,uncertain
"Says President Obama said of the national debt, If I dont have this done in three years, then theres going to be a one-term proposition.",False,correct
Says Thomas Jefferson said that government is best which governs least.,False,incorrect
"In the 2000 Florida election, at least 1,100 eligible voters were wrongly dropped from voting rolls in an attempt to purge a list of felons. Many of those who were dropped showed up to vote and were told they could not.",True,uncertain
"My grandfather came home from ... (World War II) exhausted from the burdens he had borne, and died the next day.",True,uncertain
If Trump had just put his fathers money in a mutual fund ... hed have $8 billion.,False,uncertain
"State House incumbent Jill Chambers, R-Atlanta, personally profits from taxpayer money.",False,uncertain
Says the Feingold garage ad is a fake: Hes not standing in front of his house.,False,uncertain
"McCain ""hasn't held executive responsibility.""",False,uncertain
McCain got more money from Airbus' U.S. executives than any other politician.,True,uncertain
Forty-five percent of doctors say theyll quit if health care reform passes.,False,uncertain
"Says that under a new program jail ""time for non-violent, mentally ill offenders has been reduced by 50 percent.""",True,uncertain
I have never said that I don't wear flag pins or refuse to wear flag pins.,False,uncertain
Say71 percent of doctors say Hillarys health concerns are serious and could be disqualifying.,False,correct
I wake up every morning in a house (the White House) that was built by slaves.,True,correct
"Says Milwaukee County Executive Chris Abele spent $100,000 of taxpayer money on a new luxury SUV.",False,uncertain
The media never show crowds.,False,correct
The governor has made a commitment to billions of dollars in debt and new spending without any explanation of how he plans to pay that money back.,False,uncertain
Says children are coming into the U.S. in staggering numbers because President Barack Obama has been promising amnesty.,False,uncertain
"The United States has never been richer, if you look at per capita GDP.",True,incorrect
Scott Walker had a 2.3 GPA when he was asked to leave Marquette University for cheating.,False,correct
There is no clinical evidence that vaccinating healthcare workers protects patients.,False,correct
I made a bunch of these promises during the campaign. ... Weve got about 60 percent done in three years.,False,uncertain
Some of the wealthiest Americans are African-American now.,False,incorrect
Theres 400 more people working in health care today in New Hampshire than when we passed the budget.,False,uncertain
Theres almost 1 million Texans who are unemployed and thats an all-time record number in our state.,True,uncertain
"Nearly 70 percent of all federal spending will go towards Social Security, Medicare, and Medicaid in fiscal year 2014.",False,correct
"Claims that Obama said, ""For those who oppose our policies, you should just shut up and go away.""",False,correct
"Says, Yet in Salem they have traditionally waited until the money is almost gone to pay for the most important things in our states budget.",False,uncertain
"18 percent of our land in our state right now is either federally, state or county owned for conservation purposes.",True,uncertain
"Even after Obamacare is fully implemented, there still will be tens of millions of people not covered.",True,uncertain
"We have 80,000 abortions in Texas every year.",True,uncertain
Four members of the Rhode Island General Assembly went to vote in 2010 and were told they had already voted.,False,uncertain
"The Democrat-backed health care reform plan ""will require (Americans) to subsidize abortion with their hard-earned tax dollars.""",False,correct
North Koreas missiles are not going to have a capability to reach the United States anytime real soon.,True,uncertain
Says Measure 3-386 will cost a fortune for elections while Measure 3-388 will cost less.,False,uncertain
"In 2008, Charlie Crist applauded the pick of Sarah Palin and said she would do a great job.",True,uncertain
More than half of women under 30 who give birth do so outside of marriage...,True,correct
Agriculture is the strongest industry in Ohio.,True,uncertain
This is the first time in the history that weve had the raising of a debt limit also with spending cuts.,False,uncertain
Says President Barack Obama is a socialist.,False,correct
Wisconsin was literally broke when Republicans took office in January 2011.,False,uncertain
"Says Crist campaign website ""has eliminated all references to our Republican Party.""",False,uncertain
On a cap-and-trade plan.,False,uncertain
"The departments of Commerce, Education and Energy and the EPA saw their spending increase by between 130 percent and 219 percent between 2008 and 2010.",False,uncertain
One man sacrificed for his country. One man opposed a flawed strategy in Iraq. One man had the courage to call for change. One man didn't play politics with the truth. One man stands up to the special interests.,True,uncertain
"More than 1,000 American soldiers have lost their lives in Afghanistan in the last 27 months. This is more than the combined total of the nine years before.",False,incorrect
Most Americans support the legalization of marijuana.,True,uncertain
"Harambe received 15,000 votes in the presidential election.",False,correct
The United States is one of only seven nations that allows elective abortions after 20 weeks post-fertilization.,True,incorrect
Says Thom Tillis gives tax breaks to yacht and jet owners.,False,uncertain
"During his time as House speaker, unemployment came down from 5.6 percent to under 4 (percent).",False,uncertain
We had an amendment in the health care law that said the federal government is going to take over education.,False,correct
"In nine Democratic debates, Weve not had one question about a womans right to make her own decisions about reproductive health care, not one question.",True,uncertain
The budget submitted by Obama will add more to the debt than the outstanding debt of the previous 43 presidents combined.,True,incorrect
Toomey and Trump will ban abortion and punish women who have them.,False,uncertain
Says President John F. Kennedy released a star Green Bay Packer from military reserve duty so that he could play in the 1961 NFL Championship Game.,True,incorrect
"Four years as a congressman, he [U.S. Rep. Hank Johnson] never talked about MARTA.",False,uncertain
Texas has the highest rate of uninsured in the nation. ... And there are more uninsured children in Texas than in any other state.,True,uncertain
Eighty percent of Wall Street executives and their spouses donations go to Democrats.,False,uncertain
"Like me, Scott Walker opposed the 1998 transportation bill and the $9 billion of wasteful spending.",False,uncertain
Says 80 percent of the health care dollars are spent by 20 percent of the population.,True,correct
"Steve Southerland did not pay his taxes in 05, 06, 07, 08 or 09.",False,uncertain
Eliminating Obamacare ... saves $95 billion a year.,False,uncertain
Says broken compact fluorescent light bulbs allegedly cause migraines and epilepsy attacks.,False,uncertain
At least a quarter of those apprehended at the border have criminal records.,False,uncertain
"For the first time in over 40 years, Republicansdont hold a single statewide office in Virginia.",True,incorrect
Polls show that Americans overwhelmingly support expanding background checks.,True,uncertain
Nearly 20% of our residents are born abroad.,True,uncertain
"When it comes to jobless workers, Mitt Romney says he likes to fire people.",False,uncertain
Says the U.S. fleet of attack submarines is scheduled to fall below the 48 boats that Navy says it needs to carry out current missions.,True,uncertain
Georgias share of money from the Federal Highway Trust Fund declined 12 percent between 2008 and 2013.,True,uncertain
"If you look at the application for a security clearance, I have a clearance that even the president of the United States cannot obtain because of my background.",False,correct
Says Hawaii Gov. Neil Abercrombie made a late-night visit to Kinkos to forge President Barack Obamas birth certificate two days before Obama unveiled it to the media.,False,correct
"In the Illinois Legislature, Barack Obama ""voted 'present,' instead of yes or no"" on seven votes involving abortion rights.",True,incorrect
"If you want to vote in Texas, you can use a concealed-weapon permit as a valid form of identification, but a valid student ID isnt good enough.",True,incorrect
"Says state Rep. Sandy Pasch, her recall opponent, voted to allow public school employees to use taxpayer dollars to pick up the tab forViagra.",False,uncertain
"Barack Obama ""rejects everyone white, including his mother and his grandparents.""",False,correct
A company hired to do Common Core testing in Florida will attract every one of your children to become as homosexual as they possibly can.,False,correct
The U.S. Supreme Court has not traditionally asked a lot of questions during oral arguments.,True,incorrect
Says Barack Obama promised to halve the deficit in his first term.,True,uncertain
I am the only senator who turned down the state pension plan for part-time legislators.,True,uncertain
There is no system to vet refugees from the Middle East.,False,uncertain
"Says Chris Christies plan to kick-start our economy is to propose an income tax cut that disproportionately benefits the wealthy, and...hes still proposing it.",False,uncertain
Obama used $20 million in federal money to emmigrate (sic) Hamas Refugees to the USA.,False,correct
I think its seven or eight of the California system of universities dont even teach an American history course. Its not even available to be taught.,False,uncertain
Sen. Bob Menendez voted to enact a new tax on the sale of homes of 3.8%.,False,uncertain
Says the governor is going around the state talking about [how] we should fund an income tax cut that benefits higher income earners and not lower income earners,False,uncertain
